sentiment,n_trades,total_pnl,avg_pnl,median_pnl,win_rate,avg_win,avg_loss,payoff_ratio,active_days,pnl_per_active_day,pnl_per_$1k_volume
Extreme Fear,10406,739110.24849,71.02731582644628,6.38805,0.7621564482029598,173.42476737384945,-257.099628909899,0.6745430481917437,14,52793.589177857146,12.990654053538327
Fear,29808,3357155.441642,112.62598770940687,6.3504830000000005,0.8728864734299517,151.84093464783427,-156.6624008867775,0.9692238455963165,75,44762.07255522667,14.006220694339671
Neutral,18159,1292920.67555,71.19999314664905,4.583458,0.8238889806707418,112.43943157723415,-121.72784874202627,0.9236952163306792,55,23507.648646363636,12.81394763760795
Greed,25176,2150129.272951,85.40392727005879,4.9276,0.7689068954559898,165.76171050769707,-181.9673288169474,0.9109421542064148,167,12875.025586532933,15.703085417961653
Extreme Greed,20853,2715171.310673,130.20530910051312,8.53074,0.8916702632714717,160.59326895165108,-119.9202887180168,1.3391667971153207,108,25140.475098824074,46.843795046544194
